{
  "euler:usdc:borrow:baseline": 0.913704404620283,
  "euler:usdc:borrow:last": 0.913704404620283,
  "silo:142:usdc:borrow:baseline": 0.190846573736544,
  "silo:142:usdc:borrow:last": 0.190846573736544
}