{
  "euler:usdc:borrow:baseline": 0.10142680044873727,
  "euler:usdc:borrow:last": 0.09853163325150958,
  "silo:142:usdc:borrow:baseline": 0.089353858879008,
  "silo:142:usdc:borrow:last": 0.089353858879008
}