{
  "euler:usdc:borrow:baseline": 0.12229528504407532,
  "euler:usdc:borrow:last": 0.12246847032818352,
  "silo:142:usdc:borrow:baseline": 0.158341139436384,
  "silo:142:usdc:borrow:last": 0.158341139436384
}