{
  "euler:usdc:borrow:baseline": 0.4488969565193582,
  "euler:usdc:borrow:last": 0.4397689711565976,
  "silo:142:usdc:borrow:baseline": 0.088663172512752,
  "silo:142:usdc:borrow:last": 0.08870401645776
}