{
  "euler:usdc:borrow:baseline": 0.09409223407010088,
  "euler:usdc:borrow:last": 0.08997220736312642,
  "silo:142:usdc:borrow:baseline": 0.089317715595552,
  "silo:142:usdc:borrow:last": 0.089317715595552
}