{
  "euler:usdc:borrow:baseline": 0.2334638645456792,
  "euler:usdc:borrow:last": 0.2329245084125305,
  "silo:142:usdc:borrow:baseline": 0.221064923875536,
  "silo:142:usdc:borrow:last": 0.221064923875536
}