{
  "euler:usdc:borrow:baseline": 0.08997295868722543,
  "euler:usdc:borrow:last": 0.09439702947094843,
  "silo:142:usdc:borrow:baseline": 0.148461621079392,
  "silo:142:usdc:borrow:last": 0.148461621079392
}