{
  "euler:usdc:borrow:baseline": 0.9996008097306774,
  "euler:usdc:borrow:last": 0.9996008097306774,
  "silo:142:usdc:borrow:baseline": 0.212173783714656,
  "silo:142:usdc:borrow:last": 0.218242204948656
}