{
  "euler:usdc:borrow:baseline": 0.12891115307576073,
  "euler:usdc:borrow:last": 0.12046494271018558,
  "silo:142:usdc:borrow:baseline": 0.131974921820448,
  "silo:142:usdc:borrow:last": 0.131974921820448
}