{
  "euler:usdc:borrow:baseline": 0.10842019546049468,
  "euler:usdc:borrow:last": 0.10842019546049468,
  "silo:142:usdc:borrow:baseline": 0.136583540037648,
  "silo:142:usdc:borrow:last": 0.137460134088288
}