{
  "euler:usdc:borrow:baseline": 0.12891115307576073,
  "euler:usdc:borrow:last": 0.13352761364222426,
  "silo:142:usdc:borrow:baseline": 0.186621453935424,
  "silo:142:usdc:borrow:last": 0.189813158947296
}