{
  "euler:usdc:borrow:baseline": 0.08871548499850662,
  "euler:usdc:borrow:last": 0.08999132013313141,
  "silo:142:usdc:borrow:baseline": 0.088263637441488,
  "silo:142:usdc:borrow:last": 0.088263637441488
}