{
  "euler:usdc:borrow:baseline": 0.13071866087502232,
  "euler:usdc:borrow:last": 0.12592049443808923,
  "silo:142:usdc:borrow:baseline": 0.212739923820816,
  "silo:142:usdc:borrow:last": 0.212739923820816
}