{
  "euler:usdc:borrow:baseline": 0.08997295868722543,
  "euler:usdc:borrow:last": 0.0985019863562963,
  "silo:142:usdc:borrow:baseline": 0.135635385094992,
  "silo:142:usdc:borrow:last": 0.13559294435616
}