{
  "euler:usdc:borrow:baseline": 0.1294017705817716,
  "euler:usdc:borrow:last": 0.1294017705817716,
  "silo:142:usdc:borrow:baseline": 0.087909596929152,
  "silo:142:usdc:borrow:last": 0.087909596929152
}