{
  "euler:usdc:borrow:baseline": 0.12152340382718622,
  "euler:usdc:borrow:last": 0.12343269897243497,
  "silo:142:usdc:borrow:baseline": 0.188288695462176,
  "silo:142:usdc:borrow:last": 0.191062197194544
}