{
  "euler:usdc:borrow:baseline": 0.5283903638562456,
  "euler:usdc:borrow:last": 0.529656089693055,
  "silo:142:usdc:borrow:baseline": 0.190846573736544,
  "silo:142:usdc:borrow:last": 0.196871214172464
}