{
  "euler:usdc:borrow:baseline": 0.12431542424135335,
  "euler:usdc:borrow:last": 0.1217197266377588,
  "silo:usdc:borrow:baseline": 0.089288400202992,
  "silo:usdc:borrow:last": 0.089293888097712
}