{
  "euler:usdc:borrow:baseline": 0.08992266505195433,
  "euler:usdc:borrow:last": 0.09389033029115561,
  "silo:142:usdc:borrow:baseline": 0.167161793073696,
  "silo:142:usdc:borrow:last": 0.167161793073696
}