{
  "euler:usdc:borrow:baseline": 0.09409223407010088,
  "euler:usdc:borrow:last": 0.09389084352977992,
  "silo:142:usdc:borrow:baseline": 0.17998228300968,
  "silo:142:usdc:borrow:last": 0.17998228300968
}