{
  "euler:usdc:borrow:baseline": 0.12891115307576073,
  "euler:usdc:borrow:last": 0.1335474615428011,
  "silo:142:usdc:borrow:baseline": 0.186621453935424,
  "silo:142:usdc:borrow:last": 0.18967220766
}