{
  "euler:usdc:borrow:baseline": 0.08999810991950538,
  "euler:usdc:borrow:last": 0.08999607540751726,
  "silo:142:usdc:borrow:baseline": 0.195828409728432,
  "silo:142:usdc:borrow:last": 0.195835369155984
}