{
  "euler:usdc:borrow:baseline": 0.11091663055294171,
  "euler:usdc:borrow:last": 0.11972735113524186,
  "silo:142:usdc:borrow:baseline": 0.190341718926768,
  "silo:142:usdc:borrow:last": 0.190992726508608
}