{
  "euler:usdc:borrow:baseline": 0.13442259945969992,
  "euler:usdc:borrow:last": 0.13442901540340965,
  "silo:142:usdc:borrow:baseline": 0.186621453935424,
  "silo:142:usdc:borrow:last": 0.187020253744848
}