{
  "euler:usdc:borrow:baseline": 0.0918722111192642,
  "euler:usdc:borrow:last": 0.08981588192514903,
  "silo:142:usdc:borrow:baseline": 0.185390954031168,
  "silo:142:usdc:borrow:last": 0.185390954031168
}