{
  "euler:usdc:borrow:baseline": 0.2334638645456792,
  "euler:usdc:borrow:last": 0.2334638645456792,
  "silo:142:usdc:borrow:baseline": 0.21014789133312,
  "silo:142:usdc:borrow:last": 0.217386162814608
}