{
  "euler:usdc:borrow:baseline": 0.0918722111192642,
  "euler:usdc:borrow:last": 0.08981814674981453,
  "silo:142:usdc:borrow:baseline": 0.088767218449152,
  "silo:142:usdc:borrow:last": 0.088767218449152
}