{
  "euler:usdc:borrow:baseline": 0.08999810991950538,
  "euler:usdc:borrow:last": 0.09933072561785421,
  "silo:142:usdc:borrow:baseline": 0.169876441282176,
  "silo:142:usdc:borrow:last": 0.176361732232848
}