{
  "euler:usdc:borrow:baseline": 0.12152340382718622,
  "euler:usdc:borrow:last": 0.1128763132901598,
  "silo:142:usdc:borrow:baseline": 0.171111920310864,
  "silo:142:usdc:borrow:last": 0.171111920310864
}