{
  "euler:usdc:borrow:baseline": 0.11091663055294171,
  "euler:usdc:borrow:last": 0.11091663055294171,
  "silo:142:usdc:borrow:baseline": 0.146397800855232,
  "silo:142:usdc:borrow:last": 0.14638300441632
}