{
  "euler:usdc:borrow:baseline": 0.11101166120955173,
  "euler:usdc:borrow:last": 0.11490882458165608,
  "silo:142:usdc:borrow:baseline": 0.190601044153632,
  "silo:142:usdc:borrow:last": 0.18595375595712
}