{
  "euler:usdc:borrow:baseline": 0.0918722111192642,
  "euler:usdc:borrow:last": 0.09189008129370672,
  "silo:142:usdc:borrow:baseline": 0.152011387317456,
  "silo:142:usdc:borrow:last": 0.1519851920652
}