{
  "euler:usdc:borrow:baseline": 0.08871548499850662,
  "euler:usdc:borrow:last": 0.08969712218703886,
  "silo:142:usdc:borrow:baseline": 0.109287386015472,
  "silo:142:usdc:borrow:last": 0.109287386015472
}