{
  "euler:usdc:borrow:baseline": 0.12229528504407532,
  "euler:usdc:borrow:last": 0.1223067204603538,
  "silo:142:usdc:borrow:baseline": 0.186088520764224,
  "silo:142:usdc:borrow:last": 0.186628434239808
}