{
  "euler:usdc:borrow:baseline": 0.11753418006294548,
  "euler:usdc:borrow:last": 0.12371527882608431,
  "silo:142:usdc:borrow:baseline": 0.186621453935424,
  "silo:142:usdc:borrow:last": 0.18824572179648
}