{
  "euler:usdc:borrow:baseline": 0.11101166120955173,
  "euler:usdc:borrow:last": 0.11502527242874366,
  "silo:142:usdc:borrow:baseline": 0.190601044153632,
  "silo:142:usdc:borrow:last": 0.186044999318208
}