{
  "euler:usdc:borrow:baseline": 0.10238934441941287,
  "euler:usdc:borrow:last": 0.10562121153974999,
  "silo:142:usdc:borrow:baseline": 0.127349360035776,
  "silo:142:usdc:borrow:last": 0.134296880918688
}