{
  "euler:usdc:borrow:baseline": 0.12183935907340433,
  "euler:usdc:borrow:last": 0.12484425219902791,
  "silo:usdc:borrow:baseline": 0.185440712036544,
  "silo:usdc:borrow:last": 0.185922272023056
}