{
  "euler:usdc:borrow:baseline": 0.10072113751717242,
  "euler:usdc:borrow:last": 0.10031920793261637,
  "silo:142:usdc:borrow:baseline": 0.133938576928368,
  "silo:142:usdc:borrow:last": 0.134871144729984
}