{
  "euler:usdc:borrow:baseline": 0.11101166120955173,
  "euler:usdc:borrow:last": 0.11536250767122205,
  "silo:142:usdc:borrow:baseline": 0.183754636863696,
  "silo:142:usdc:borrow:last": 0.183754636863696
}