{
  "euler:usdc:borrow:baseline": 0.12152340382718622,
  "euler:usdc:borrow:last": 0.1216530808790593,
  "silo:142:usdc:borrow:baseline": 0.188288695462176,
  "silo:142:usdc:borrow:last": 0.191006953533504
}