{
  "euler:usdc:borrow:baseline": 0.1194269641299646,
  "euler:usdc:borrow:last": 0.1194269641299646,
  "silo:142:usdc:borrow:baseline": 0.089318423894112,
  "silo:142:usdc:borrow:last": 0.089318423894112
}