{
  "euler:usdc:borrow:baseline": 0.13442259945969992,
  "euler:usdc:borrow:last": 0.13443151798399422,
  "silo:142:usdc:borrow:baseline": 0.186621453935424,
  "silo:142:usdc:borrow:last": 0.18682758619272
}