{
  "euler:usdc:borrow:baseline": 0.12589295967269326,
  "euler:usdc:borrow:last": 0.12589295967269326,
  "silo:142:usdc:borrow:baseline": 0.086819053319856,
  "silo:142:usdc:borrow:last": 0.086819053319856
}