{
  "euler:usdc:borrow:baseline": 0.11101166120955173,
  "euler:usdc:borrow:last": 0.12019580674580237,
  "silo:142:usdc:borrow:baseline": 0.170108141824512,
  "silo:142:usdc:borrow:last": 0.17009880363648
}