{
  "euler:usdc:borrow:baseline": 0.22054169324751538,
  "euler:usdc:borrow:last": 0.2115306728509467,
  "silo:142:usdc:borrow:baseline": 0.221064923875536,
  "silo:142:usdc:borrow:last": 0.223768918687104
}