{
  "euler:usdc:borrow:baseline": 0.11033739539923619,
  "euler:usdc:borrow:last": 0.11033739539923619,
  "silo:142:usdc:borrow:baseline": 0.20716748105328,
  "silo:142:usdc:borrow:last": 0.20716748105328
}