{
  "euler:usdc:borrow:baseline": 0.10238934441941287,
  "euler:usdc:borrow:last": 0.11074678476026024,
  "silo:142:usdc:borrow:baseline": 0.1704750571296,
  "silo:142:usdc:borrow:last": 0.1704750571296
}