{
  "euler:usdc:borrow:baseline": 0.08992266505195433,
  "euler:usdc:borrow:last": 0.08992266505195433,
  "silo:142:usdc:borrow:baseline": 0.15381826605792,
  "silo:142:usdc:borrow:last": 0.15381826605792
}