{
  "euler:usdc:borrow:baseline": 0.20304060833273835,
  "euler:usdc:borrow:last": 0.20257709180952443,
  "silo:142:usdc:borrow:baseline": 0.207896792239296,
  "silo:142:usdc:borrow:last": 0.209846393360352
}